parent,child
/m/0bl9f,/m/0242l
/m/0bl9f,/m/03120
/m/0bl9f,/m/0h8l4fh
/m/0bl9f,/m/0138tl
/m/0138tl,/m/0167gd
/m/0138tl,/m/01j51
/m/0138tl,/m/029b3
/m/0138tl,/m/02wmf
/m/0138tl,/m/02zt3
/m/0138tl,/m/0kmg4
/m/0bl9f,/m/019dx1
/m/019dx1,/m/0174k2
/m/019dx1,/m/01k6s3
/m/019dx1,/m/029bxz
/m/019dx1,/m/02pjr4
/m/019dx1,/m/02wv84t
/m/019dx1,/m/02x984l
/m/019dx1,/m/03qhv5
/m/019dx1,/m/03s_tn
/m/019dx1,/m/03wvsk
/m/019dx1,/m/040b_t
/m/019dx1,/m/04169hn
/m/019dx1,/m/04lvq_
/m/019dx1,/m/063rgb
/m/019dx1,/m/07xyvk
/m/019dx1,/m/0fx9l
/m/019dx1,/m/0ky7b
/m/019dx1,/m/0llzx
/m/019dx1,/m/0c3m8g
/m/019dx1,/m/03ldnb
/m/0bl9f,/m/02pkr5
/m/02pkr5,/m/0130jx
/m/02pkr5,/m/01vbnl
/m/02pkr5,/m/02f9f_
/m/02pkr5,/m/02jz0l
/m/02pkr5,/m/03dnzn
/m/02pkr5,/m/09g1w
/m/0bl9f,/m/02rdsp
/m/02rdsp,/m/01lsmm
/m/02rdsp,/m/01n5jq
/m/02rdsp,/m/024d2
/m/02rdsp,/m/025dyy
/m/02rdsp,/m/025fsf
/m/02rdsp,/m/02d9qx
/m/02rdsp,/m/02ddwp
/m/02rdsp,/m/02fh7f
/m/02rdsp,/m/02xqq
/m/02rdsp,/m/03m3vtv
/m/02rdsp,/m/04zwwv
/m/02rdsp,/m/05676x
/m/02rdsp,/m/05gqfk
/m/02rdsp,/m/080n7g
/m/02rdsp,/m/09gtd
/m/02rdsp,/m/0frqm
/m/02rdsp,/m/0k1tl
/m/0bl9f,/m/02w3r3
/m/0bl9f,/m/034c16
/m/0bl9f,/m/03_wxk
/m/03_wxk,/m/03hlz0c
/m/03hlz0c,/m/01_5g
/m/03hlz0c,/m/027rl48
/m/03hlz0c,/m/02d1br
/m/03hlz0c,/m/02mqfb
/m/03hlz0c,/m/02pdsw
/m/03hlz0c,/m/02vwcm
/m/03hlz0c,/m/03v5tg
/m/03hlz0c,/m/04ctx
/m/03hlz0c,/m/04f5ws
/m/03hlz0c,/m/07v9_z
/m/03hlz0c,/m/08ks85
/m/03hlz0c,/m/0cmx8
/m/03hlz0c,/m/0dt3t
/m/03_wxk,/m/04brg2
/m/04brg2,/m/01_5g
/m/04brg2,/m/01fh4r
/m/04brg2,/m/02jvh9
/m/04brg2,/m/02p5f1q
/m/04brg2,/m/02x8cch
/m/04brg2,/m/03hj559
/m/04brg2,/m/03q5c7
/m/04brg2,/m/0440zs
/m/04brg2,/m/04dr76w
/m/04brg2,/m/04kkgm
/m/04brg2,/m/050gv4
/m/04brg2,/m/054fyh
/m/04brg2,/m/058qzx
/m/04brg2,/m/08hvt4
/m/04brg2,/m/099ssp
/m/04brg2,/m/09tvcd
/m/04brg2,/m/0cmx8
/m/04brg2,/m/0dt3t
/m/04brg2,/m/0h8n27j
/m/04brg2,/m/0h8n6ft
/m/03_wxk,/m/04v6l4
/m/03_wxk,/m/084rd
/m/03_wxk,/m/0h8kx63
/m/03_wxk,/m/0h99cwc
/m/0h99cwc,/m/029bxz
/m/0h99cwc,/m/02pjr4
/m/0h99cwc,/m/02tsc9
/m/0h99cwc,/m/03y6mg
/m/0h99cwc,/m/040b_t
/m/0h99cwc,/m/04z4wx
/m/0h99cwc,/m/063rgb
/m/0h99cwc,/m/07xyvk
/m/0h99cwc,/m/0fx9l
/m/0h99cwc,/m/0h8ntjv
/m/0h99cwc,/m/0ky7b
/m/0bl9f,/m/03tw93
/m/0bl9f,/m/0b3fp9
/m/0bl9f,/m/0bt_c3
/m/0bl9f,/m/0c_jw
/m/0c_jw,/m/01mzpv
/m/0c_jw,/m/01s105
/m/0c_jw,/m/01y9k5
/m/0c_jw,/m/0271qf7
/m/0c_jw,/m/02crq1
/m/02crq1,/m/03m3pdh
/m/02crq1,/m/0703r8
/m/0c_jw,/m/02vkqh8
/m/0c_jw,/m/02z51p
/m/0c_jw,/m/03__z0
/m/0c_jw,/m/03ssj5
/m/03ssj5,/m/061hd_
/m/03ssj5,/m/026qbn5
/m/0c_jw,/m/047j0r
/m/0c_jw,/m/04bcr3
/m/04bcr3,/m/078n6m
/m/04bcr3,/m/0h8n5zk
/m/0c_jw,/m/05kyg_
/m/0c_jw,/m/0642b4
/m/0c_jw,/m/0cvnqh
/m/0c_jw,/m/0fqfqc
/m/0c_jw,/m/0fqt361
/m/0c_jw,/m/0gjbg72
/m/0c_jw,/m/0h8mzrc
/m/0c_jw,/m/04y4h8h
/m/0c_jw,/m/0d4w1
/m/0bl9f,/m/0h8n6f9
/m/0bl9f,/m/0h8nm9j
/m/0bl9f,/m/01jfsr
/m/0bl9f,/m/01x3z
/m/01x3z,/m/046dlr
/m/01x3z,/m/06_72j
/m/01x3z,/m/0h8mzrc
/m/0bl9f,/m/02s195
/m/0bl9f,/m/031b6r
/m/0bl9f,/m/03rszm
/m/0bl9f,/m/054_l
/m/0bl9f,/m/06msq
/m/06msq,/m/0152hh
/m/06msq,/m/04yqq2
/m/06msq,/m/01yx86
/m/0bl9f,/m/06z37_
/m/0bl9f,/m/0c06p
/m/0bl9f,/m/0dtln
/m/0bl9f,/m/0h8nr_l
/m/0h8nr_l,/m/0162_1
/m/0h8nr_l,/m/09gtd
/m/0h8nr_l,/m/0c3mkw
/m/0h8nr_l,/m/0h8nsvg
/m/0bl9f,/m/01gllr
/m/0bl9f,/m/01j61q
/m/0bl9f,/m/015qbp
/m/0bl9f,/m/015qff
/m/0bl9f,/m/01knjb
/m/0bl9f,/m/01mqdt
/m/01mqdt,/m/02pv19
/m/0bl9f,/m/01pns0
/m/0bl9f,/m/0220r2
/m/0bl9f,/m/033rq4
/m/0bl9f,/m/065h6l
/m/0bl9f,/m/0cgh4
/m/0cgh4,/m/02wg_p
/m/0cgh4,/m/04h7h
/m/0cgh4,/m/079cl
/m/0cgh4,/m/0d5gx
/m/0cgh4,/m/01fdzj
/m/0cgh4,/m/03jm5
/m/0cgh4,/m/021sj1
/m/0cgh4,/m/0crjs
/m/0bl9f,/m/0b_rs
/m/0bl9f,/m/01g317
/m/01g317,/m/04yx4
/m/01g317,/m/03bt1vf
/m/01g317,/m/01bl7v
/m/01g317,/m/05r655
/m/0bl9f,/m/02wbm
/m/02wbm,/m/01_bhs
/m/01_bhs,/m/01b9xk
/m/01_bhs,/m/02y6n
/m/02wbm,/m/01dwsz
/m/02wbm,/m/01dwwc
/m/02wbm,/m/01j3zr
/m/02wbm,/m/01ww8y
/m/01ww8y,/m/01f91_
/m/01ww8y,/m/01hrv5
/m/01ww8y,/m/021mn
/m/02wbm,/m/0270h
/m/0270h,/m/01tcjp
/m/0270h,/m/021mn
/m/0270h,/m/0cxn2
/m/0270h,/m/0fszt
/m/0270h,/m/0gm28
/m/02wbm,/m/02g30s
/m/02wbm,/m/02xwb
/m/02xwb,/m/014j1m
/m/02xwb,/m/0388q
/m/02xwb,/m/043nyj
/m/02xwb,/m/061_f
/m/02xwb,/m/07fbm7
/m/02xwb,/m/07j87
/m/02xwb,/m/09k_b
/m/02xwb,/m/09qck
/m/02xwb,/m/0cyhj_
/m/02xwb,/m/0dj6p
/m/02xwb,/m/0fldg
/m/02xwb,/m/0fp6w
/m/02xwb,/m/0hqkz
/m/02xwb,/m/0jwn_
/m/02xwb,/m/0kpqd
/m/02xwb,/m/0kpt_
/m/02wbm,/m/033cnk
/m/02wbm,/m/052lwg6
/m/052lwg6,/m/01f91_
/m/052lwg6,/m/01fb_0
/m/052lwg6,/m/01tcjp
/m/052lwg6,/m/021mn
/m/052lwg6,/m/09728
/m/052lwg6,/m/0hnyx
/m/0hnyx,/m/0jy4k
/m/0hnyx,/m/015wgc
/m/0hnyx,/m/02zvsm
/m/02wbm,/m/052sf
/m/02wbm,/m/05z55
/m/02wbm,/m/0663v
/m/02wbm,/m/06nwz
/m/06nwz,/m/09gys
/m/06nwz,/m/0fbdv
/m/0fbdv,/m/0_cp5
/m/0fbdv,/m/0cjq5
/m/0fbdv,/m/0ll1f78
/m/0fbdv,/m/0n28_
/m/02wbm,/m/07crc
/m/02wbm,/m/07mcwg
/m/02wbm,/m/0f4s2w
/m/0f4s2w,/m/015x4r
/m/0f4s2w,/m/015x5n
/m/0f4s2w,/m/047v4b
/m/0f4s2w,/m/05vtc
/m/0f4s2w,/m/07j87
/m/0f4s2w,/m/0cjs7
/m/0f4s2w,/m/0dv77
/m/0dv77,/m/05zsy
/m/0dv77,/m/027pcv
/m/0f4s2w,/m/0fbw6
/m/0f4s2w,/m/0fj52s
/m/0f4s2w,/m/0grw1
/m/0f4s2w,/m/0hkxq
/m/0f4s2w,/m/0jg57
/m/0f4s2w,/m/02cvgx
/m/02wbm,/m/0fz0h
/m/02wbm,/m/0l515
/m/0l515,/m/0cdn1
/m/0l515,/m/06pcq
/m/02wbm,/m/0284d
/m/0284d,/m/01nkt
/m/0284d,/m/04zpv
/m/02wbm,/m/07030
/m/0bl9f,/m/05s2s
/m/05s2s,/m/03fp41
/m/05s2s,/m/07j7r
/m/07j7r,/m/025nd
/m/07j7r,/m/0cdl1
/m/07j7r,/m/0cffdh
/m/07j7r,/m/0mw_6
/m/05s2s,/m/0c9ph5
/m/0c9ph5,/m/04gth
/m/0c9ph5,/m/06m11
/m/0c9ph5,/m/0ftb8
/m/0c9ph5,/m/0jqgx
/m/0bl9f,/m/07yv9
/m/07yv9,/m/01prls
/m/01prls,/m/012n7d
/m/01prls,/m/018p4k
/m/01prls,/m/0199g
/m/01prls,/m/01bjv
/m/01prls,/m/01x3jk
/m/01prls,/m/0323sq
/m/01prls,/m/04_sv
/m/01prls,/m/076bq
/m/01prls,/m/07cmd
/m/01prls,/m/07jdr
/m/01prls,/m/07r04
/m/01prls,/m/0f6nr
/m/01prls,/m/0k4j
/m/0k4j,/m/01lcw4
/m/0k4j,/m/0h2r6
/m/01prls,/m/0pg52
/m/01prls,/m/0qmmr
/m/07yv9,/m/01rzcn
/m/01rzcn,/m/019jd
/m/019jd,/m/01btn
/m/019jd,/m/02068x
/m/019jd,/m/0ph39
/m/01rzcn,/m/01xs3r
/m/01rzcn,/m/074d1
/m/07yv9,/m/0k5j
/m/0k5j,/m/09ct_
/m/0k5j,/m/0cmf2
/m/0k5j,/m/09rvcxw
/m/0bl9f,/m/09j2d
/m/09j2d,/m/01bfm9
/m/09j2d,/m/01d40f
/m/09j2d,/m/01gkx_
/m/09j2d,/m/01gmv2
/m/09j2d,/m/01krhy
/m/09j2d,/m/01n4qj
/m/09j2d,/m/01xygc
/m/09j2d,/m/01xyhv
/m/09j2d,/m/02dl1y
/m/02dl1y,/m/025rp__
/m/02dl1y,/m/02fq_6
/m/02dl1y,/m/02jfl0
/m/02dl1y,/m/02wbtzl
/m/09j2d,/m/02h19r
/m/09j2d,/m/02wv6h6
/m/02wv6h6,/m/01cmb2
/m/09j2d,/m/032b3c
/m/09j2d,/m/0463sg
/m/0463sg,/m/0174n1
/m/0174n1,/m/03grzl
/m/0463sg,/m/0176mf
/m/0463sg,/m/017ftj
/m/0463sg,/m/01krhy
/m/0463sg,/m/01llwg
/m/0463sg,/m/01nq26
/m/0463sg,/m/01r546
/m/0463sg,/m/01rkbr
/m/0463sg,/m/02_n6y
/m/0463sg,/m/02dl1y
/m/02dl1y,/m/025rp__
/m/02dl1y,/m/02fq_6
/m/02dl1y,/m/02jfl0
/m/02dl1y,/m/02wbtzl
/m/0463sg,/m/02h19r
/m/0463sg,/m/080hkjn
/m/0463sg,/m/0gjkl
/m/0463sg,/m/0hnnb
/m/0463sg,/m/0jyfg
/m/0463sg,/m/0nl46
/m/09j2d,/m/04tn4x
/m/09j2d,/m/07mhn
/m/07mhn,/m/0fly7
/m/09j2d,/m/09j5n
/m/09j5n,/m/02p3w7d
/m/09j5n,/m/01b638
/m/09j5n,/m/06k2mb
/m/09j5n,/m/03nfch
/m/09j2d,/m/0h8mhzd
/m/09j2d,/m/0hf58v5
/m/0hf58v5,/m/01940j
/m/0hf58v5,/m/01s55n
/m/0hf58v5,/m/0584n8
/m/0hf58v5,/m/080hkjn
/m/09j2d,/m/0zvk5
/m/0zvk5,/m/03p3bw
/m/0zvk5,/m/07qxg_
/m/0bl9f,/m/0jbk
/m/0jbk,/m/015p6
/m/015p6,/m/012074
/m/015p6,/m/01dy8n
/m/015p6,/m/01f8m5
/m/015p6,/m/05n4y
/m/015p6,/m/05z6w
/m/015p6,/m/06j2d
/m/015p6,/m/09b5t
/m/015p6,/m/09csl
/m/015p6,/m/09d5_
/m/015p6,/m/09ddx
/m/015p6,/m/0ccs93
/m/015p6,/m/0dbvp
/m/015p6,/m/0dftk
/m/015p6,/m/0f6wt
/m/015p6,/m/0gv1x
/m/015p6,/m/0h23m
/m/015p6,/m/0jly1
/m/0jbk,/m/03xxp
/m/03xxp,/m/0175cv
/m/03xxp,/m/019h78
/m/03xxp,/m/03hl4l9
/m/03hl4l9,/m/01h8tj
/m/03hl4l9,/m/035vxb
/m/03hl4l9,/m/09gys
/m/03hl4l9,/m/0cjq5
/m/03hl4l9,/m/0d8zb
/m/03hl4l9,/m/0ll1f78
/m/03hl4l9,/m/0n28_
/m/03xxp,/m/03vt0
/m/03vt0,/m/01h3n
/m/03vt0,/m/020jm
/m/020jm,/m/0gj37
/m/03vt0,/m/0_k2
/m/03vt0,/m/0d_2m
/m/0d_2m,/m/0cydv
/m/0d_2m,/m/0cyf8
/m/03vt0,/m/0ft9s
/m/03xxp,/m/0755b
/m/03xxp,/m/084hf
/m/03xxp,/m/09kmb
/m/03xxp,/m/0_cp5
/m/03xxp,/m/0f9_l
/m/0jbk,/m/04rky
/m/04rky,/m/01h44
/m/04rky,/m/01lrl
/m/01lrl,/m/01dws
/m/01dws,/m/01dxs
/m/01dws,/m/03bj1
/m/01dws,/m/0633h
/m/01dws,/m/0kmg4
/m/01lrl,/m/01yrx
/m/01lrl,/m/0306r
/m/01lrl,/m/0449p
/m/01lrl,/m/04g2r
/m/01lrl,/m/06l9r
/m/01lrl,/m/07dm6
/m/01lrl,/m/096mb
/m/01lrl,/m/0bt9lr
/m/01lrl,/m/0c29q
/m/01lrl,/m/0cd4d
/m/01lrl,/m/0cn6p
/m/01lrl,/m/0dq75
/m/04rky,/m/01x_v
/m/04rky,/m/01xq0k1
/m/04rky,/m/03bk1
/m/04rky,/m/03d443
/m/04rky,/m/03fwl
/m/04rky,/m/03k3r
/m/04rky,/m/03qrc
/m/04rky,/m/04c0y
/m/04rky,/m/04cp_
/m/04rky,/m/04rmv
/m/04rky,/m/068zj
/m/04rky,/m/06mf6
/m/04rky,/m/071qp
/m/04rky,/m/07bgp
/m/04rky,/m/0898b
/m/04rky,/m/08pbxl
/m/04rky,/m/09f20
/m/04rky,/m/09kx5
/m/04rky,/m/0bwd_0j
/m/04rky,/m/0c568
/m/04rky,/m/0cl4p
/m/04rky,/m/0cnyhnx
/m/04rky,/m/0czz2
/m/04rky,/m/0dbzx
/m/04rky,/m/0gd2v
/m/0gd2v,/m/02hj4
/m/0gd2v,/m/084zz
/m/0gd2v,/m/0gd36
/m/0gd2v,/m/02l8p9
/m/04rky,/m/0km7z
/m/04rky,/m/0pcr
/m/04rky,/m/0xfy
/m/0jbk,/m/06bt6
/m/06bt6,/m/029tx
/m/06bt6,/m/04m9y
/m/06bt6,/m/078jl
/m/06bt6,/m/09dzg
/m/09dzg,/m/011k07
/m/09dzg,/m/0120dh
/m/06bt6,/m/09f_2
/m/06bt6,/m/09ld4
/m/0jbk,/m/0ch_cf
/m/0ch_cf,/m/03fj2
/m/0ch_cf,/m/0by6g
/m/0ch_cf,/m/0m53l
/m/0ch_cf,/m/0nybt
/m/0jbk,/m/0fbdv
/m/0fbdv,/m/0_cp5
/m/0fbdv,/m/0cjq5
/m/0fbdv,/m/0ll1f78
/m/0fbdv,/m/0n28_
/m/0bl9f,/m/014trl
/m/014trl,/m/02xb7qb
/m/014trl,/m/05w9t9
/m/014trl,/m/06c7f7
/m/014trl,/m/0p833
/m/0bl9f,/m/02w3_ws
/m/02w3_ws,/m/012xff
/m/02w3_ws,/m/017ftj
/m/02w3_ws,/m/02_n6y
/m/02w3_ws,/m/05441v
/m/02w3_ws,/m/08p92x
/m/02w3_ws,/m/0f571
/m/02w3_ws,/m/0jyfg
/m/02w3_ws,/m/0qmmr
/m/0bl9f,/m/01xgg_
/m/01xgg_,/m/012ysf
/m/01xgg_,/m/02lbcq
/m/01xgg_,/m/073g6
/m/01xgg_,/m/0j496
/m/0bl9f,/m/04szw
/m/04szw,/m/013y1f
/m/04szw,/m/018j2
/m/04szw,/m/01xqw
/m/04szw,/m/026t6
/m/04szw,/m/0319l
/m/04szw,/m/0342h
/m/04szw,/m/03m5k
/m/04szw,/m/03q5t
/m/04szw,/m/03qjg
/m/04szw,/m/057cc
/m/04szw,/m/05kms
/m/04szw,/m/05r5c
/m/04szw,/m/06ncr
/m/04szw,/m/07c6l
/m/04szw,/m/07gql
/m/04szw,/m/07y_7
/m/04szw,/m/0f8s22
/m/04szw,/m/0l14j_
/m/04szw,/m/0mkg
/m/04szw,/m/0xzly
/m/0bl9f,/m/05y5lj
/m/05y5lj,/m/014y4n
/m/05y5lj,/m/018xm
/m/018xm,/m/01226z
/m/018xm,/m/02ctlc
/m/018xm,/m/02rgn06
/m/018xm,/m/05ctyq
/m/018xm,/m/0wdt60w
/m/05y5lj,/m/0199g
/m/05y5lj,/m/019w40
/m/05y5lj,/m/01g3x7
/m/05y5lj,/m/0268lbt
/m/05y5lj,/m/02p3w7d
/m/05y5lj,/m/02wmf
/m/05y5lj,/m/03g8mr
/m/05y5lj,/m/03grzl
/m/05y5lj,/m/0420v5
/m/05y5lj,/m/044r5d
/m/05y5lj,/m/054xkw
/m/05y5lj,/m/057p5t
/m/05y5lj,/m/06__v
/m/05y5lj,/m/06_fw
/m/05y5lj,/m/071p9
/m/05y5lj,/m/07pj7bq
/m/05y5lj,/m/04h8sr
/m/05y5lj,/m/03kt2w
/m/05y5lj,/m/030610
/m/05y5lj,/m/076lb9
/m/05y5lj,/m/03wym
/m/05y5lj,/m/0cqn2
/m/05y5lj,/m/0cyfs
/m/05y5lj,/m/0dv9c
/m/0dv9c,/m/0h8my_4
/m/0dv9c,/m/05_5p_0
/m/05y5lj,/m/0l3ms
/m/05y5lj,/m/0zvk5
/m/0zvk5,/m/03p3bw
/m/0zvk5,/m/07qxg_
/m/05y5lj,/m/04p0qw
/m/0bl9f,/m/07k1x
/m/07k1x,/m/011q46kg
/m/011q46kg,/m/02jnhm
/m/011q46kg,/m/02zn6n
/m/011q46kg,/m/04dr76w
/m/011q46kg,/m/07kng9
/m/011q46kg,/m/08hvt4
/m/011q46kg,/m/0bjyj5
/m/011q46kg,/m/0d20w4
/m/011q46kg,/m/0fm3zh
/m/07k1x,/m/012w5l
/m/07k1x,/m/012xff
/m/07k1x,/m/01bms0
/m/07k1x,/m/01d380
/m/07k1x,/m/01j4z9
/m/07k1x,/m/01j5ks
/m/07k1x,/m/01kb5b
/m/07k1x,/m/01lsmm
/m/07k1x,/m/02bm9n
/m/07k1x,/m/03hlz0c
/m/03hlz0c,/m/01_5g
/m/03hlz0c,/m/027rl48
/m/03hlz0c,/m/02d1br
/m/03hlz0c,/m/02mqfb
/m/03hlz0c,/m/02pdsw
/m/03hlz0c,/m/02vwcm
/m/03hlz0c,/m/03v5tg
/m/03hlz0c,/m/04ctx
/m/03hlz0c,/m/04f5ws
/m/03hlz0c,/m/07v9_z
/m/03hlz0c,/m/08ks85
/m/03hlz0c,/m/0cmx8
/m/03hlz0c,/m/0dt3t
/m/07k1x,/m/03l9g
/m/07k1x,/m/03txqz
/m/07k1x,/m/04vv5k
/m/07k1x,/m/05bm6
/m/07k1x,/m/073bxn
/m/07k1x,/m/07dd4
/m/07k1x,/m/0_dqb
/m/07k1x,/m/0c2jj
/m/07k1x,/m/0dv5r
/m/07k1x,/m/0h8jyh6
/m/07k1x,/m/0hdln
/m/07k1x,/m/0lt4_
/m/0bl9f,/m/083kb
/m/083kb,/m/01g3x7
/m/083kb,/m/020kz
/m/083kb,/m/02gzp
/m/083kb,/m/04ctx
/m/083kb,/m/06c54
/m/083kb,/m/06nrc
/m/083kb,/m/07cmd
/m/083kb,/m/0c2jj
/m/083kb,/m/0gxl3
/m/083kb,/m/06y5r
/m/083kb,/m/04ylt
/m/083kb,/m/0ct4f
/m/0bl9f,/m/01432t
/m/0bl9f,/m/01b7fy
/m/0bl9f,/m/01c648
/m/0bl9f,/m/01m2v
/m/0bl9f,/m/01m4t
/m/0bl9f,/m/020lf
/m/0bl9f,/m/02522
/m/0bl9f,/m/03bbps
/m/0bl9f,/m/03jbxj
/m/0bl9f,/m/07c52
/m/0bl9f,/m/07cx4
/m/07cx4,/m/050k8
/m/07cx4,/m/0h8lkj8
/m/0bl9f,/m/0bh9flk
/m/0bl9f,/m/0hg7b
/m/0bl9f,/m/0mcx2
/m/0bl9f,/m/0qjjc
/m/0bl9f,/m/0271t
/m/0271t,/m/01599
/m/0271t,/m/024g6
/m/0271t,/m/02vqfm
/m/0271t,/m/01z1kdw
/m/0271t,/m/07clx
/m/0271t,/m/081qc
/m/0bl9f,/m/01bqk0
/m/0bl9f,/m/03c7gz
/m/0bl9f,/m/02dgv
/m/0bl9f,/m/0d4v4
/m/0bl9f,/m/01lynh
/m/0bl9f,/m/04m6gz
/m/0bl9f,/m/014sv8
/m/0bl9f,/m/016m2d
/m/0bl9f,/m/04hgtk
/m/0bl9f,/m/0dzct
/m/0bl9f,/m/0283dt1
/m/0bl9f,/m/039xj_
/m/0bl9f,/m/0k0pj
/m/0bl9f,/m/03q69
/m/0bl9f,/m/0k65p
/m/0bl9f,/m/031n1
/m/0bl9f,/m/0dzf4
/m/0bl9f,/m/035r7c
/m/0bl9f,/m/015h_t
/m/0bl9f,/m/02p0tk3
/m/0bl9f,/m/08dz3q
/m/08dz3q,/m/01jfm_
/m/08dz3q,/m/083wq
/m/08dz3q,/m/0dkzw
/m/08dz3q,/m/0h9mv
/m/0bl9f,/m/0djtd
